,ReLU,Leaky ReLU,ELU
EEGNet,78.7962962962963,80.55555555555556,81.01851851851852
EEGNet drop=0.50,80.18518518518519,78.05555555555556,78.33333333333333
DeepConvNet,77.22222222222223,76.29629629629629,77.31481481481481
"DeepConvNet deepconv=[50, 150, 300]",77.31481481481481,75.83333333333333,76.66666666666667
